[{"id":"6283871990243@s.whatsapp.net","xp":702,"level":6},{"id":"628885031354@s.whatsapp.net","xp":0,"level":1},{"id":"62856432604381@s.whatsapp.net","xp":40,"level":1},{"id":"6285859202162@s.whatsapp.net","xp":0,"level":1},{"id":"62812787567123@s.whatsapp.net","xp":26,"level":1},{"id":"12342221155@s.whatsapp.net","xp":0,"level":1},{"id":"6281252474708@s.whatsapp.net","xp":25,"level":1},{"id":"","xp":0,"level":1},{"id":"62881024358619@s.whatsapp.net","xp":0,"level":1},{"id":"6285859202162@s.whatsapp.net","xp":315,"level":3},{"id":"6285157215227@s.whatsapp.net","xp":0,"level":1},{"id":"6285157215227@s.whatsapp.net","xp":0,"level":0},{"id":"6285862754807@s.whatsapp.net","xp":0,"level":1},{"id":"6289527058808@s.whatsapp.net","xp":0,"level":1},{"id":"62895416494640@s.whatsapp.net","xp":35,"level":1},{"id":"60187790658@s.whatsapp.net","xp":0,"level":1},{"id":"6289627550909@s.whatsapp.net","xp":0,"level":1},{"id":"6289627550909@s.whatsapp.net","xp":0,"level":0},{"id":"62838230459974@s.whatsapp.net","xp":0,"level":1},{"id":"601169640803@s.whatsapp.net","xp":0,"level":1},{"id":"6285769527782@s.whatsapp.net","xp":0,"level":1},{"id":"6285769527782@s.whatsapp.net","xp":0,"level":0},{"id":"15122537513@s.whatsapp.net","xp":0,"level":1},{"id":"15122537513@s.whatsapp.net","xp":0,"level":0},{"id":"6282311254938@s.whatsapp.net","xp":0,"level":1},{"id":"6282311254938@s.whatsapp.net","xp":0,"level":0},{"id":"6281318703933@s.whatsapp.net","xp":0,"level":1},{"id":"6281318703933@s.whatsapp.net","xp":0,"level":0},{"id":"6282377853263@s.whatsapp.net","xp":0,"level":1},{"id":"6285777019242@s.whatsapp.net","xp":19,"level":1},{"id":"6289612668483@s.whatsapp.net","xp":0,"level":1},{"id":"62859159884420@s.whatsapp.net","xp":0,"level":1},{"id":"62859159884420@s.whatsapp.net","xp":0,"level":0},{"id":"62895603673212@s.whatsapp.net","xp":25,"level":1},{"id":"6289612668483@s.whatsapp.net","xp":0,"level":0},{"id":"6281252474708@s.whatsapp.net","xp":139,"level":1},{"id":"6281805540322@s.whatsapp.net","xp":0,"level":1},{"id":"6281805540322@s.whatsapp.net","xp":0,"level":0},{"id":"6282296048639@s.whatsapp.net","xp":14,"level":1},{"id":"6289527058808@s.whatsapp.net","xp":0,"level":0},{"id":"62838346189750@s.whatsapp.net","xp":0,"level":1},{"id":"6285736283347@s.whatsapp.net","xp":16,"level":1},{"id":"6287705048235@s.whatsapp.net","xp":189,"level":2},{"id":"6281320297850@s.whatsapp.net","xp":0,"level":1},{"id":"6287823667086@s.whatsapp.net","xp":0,"level":1},{"id":"6281252463994@s.whatsapp.net","xp":18,"level":1},{"id":"6281378695708@s.whatsapp.net","xp":18,"level":1},{"id":"6281389193182@s.whatsapp.net","xp":18,"level":1},{"id":"6285842734563@s.whatsapp.net","xp":821,"level":7},{"id":"6285790853383@s.whatsapp.net","xp":191,"level":2},{"id":"62877050482352@s.whatsapp.net","xp":22,"level":1},{"id":"6281269609391@s.whatsapp.net","xp":101,"level":1},{"id":"6285727492435@s.whatsapp.net","xp":131,"level":1},{"id":"62858712218560@s.whatsapp.net","xp":0,"level":1},{"id":"6285284051385@s.whatsapp.net","xp":16,"level":1},{"id":"6285236677183@s.whatsapp.net","xp":0,"level":1},{"id":"6285236677183@s.whatsapp.net","xp":0,"level":0},{"id":"6282132445653@s.whatsapp.net","xp":35,"level":1},{"id":"6282132445653@s.whatsapp.net","xp":52,"level":0},{"id":"6285842734563@s.whatsapp.net","xp":11,"level":0},{"id":"62881036346617@s.whatsapp.net","xp":35,"level":1},{"id":"6282274263578@s.whatsapp.net","xp":23,"level":1},{"id":"6283192083302@s.whatsapp.net","xp":18,"level":1},{"id":"62895610720367@s.whatsapp.net","xp":16,"level":1},{"id":"6289644975761@s.whatsapp.net","xp":0,"level":1},{"id":"6285162592372@s.whatsapp.net","xp":0,"level":1},{"id":"6283125952153@s.whatsapp.net","xp":0,"level":1},{"id":"6285156551017@s.whatsapp.net","xp":0,"level":1},{"id":"6281388170725@s.whatsapp.net","xp":0,"level":1},{"id":"6282150713620@s.whatsapp.net","xp":0,"level":1},{"id":"62895352671212@s.whatsapp.net","xp":0,"level":1},{"id":"6285727492435@s.whatsapp.net","xp":0,"level":0},{"id":"6285793860829@s.whatsapp.net","xp":0,"level":1},{"id":"62896270180651@s.whatsapp.net","xp":0,"level":1},{"id":"6283845859205@s.whatsapp.net","xp":0,"level":1},{"id":"6285157740529@s.whatsapp.net","xp":0,"level":1},{"id":"62882000242702@s.whatsapp.net","xp":0,"level":1},{"id":"62831240698061@s.whatsapp.net","xp":0,"level":1},{"id":"6288989387113@s.whatsapp.net","xp":0,"level":1},{"id":"6285716382833@s.whatsapp.net","xp":0,"level":1},{"id":"6283154641127@s.whatsapp.net","xp":0,"level":1},{"id":"6283154641127@s.whatsapp.net","xp":0,"level":0},{"id":"6288294403590@s.whatsapp.net","xp":0,"level":1},{"id":"6281517981972@s.whatsapp.net","xp":0,"level":1}]