[{"id":"6283871990243@s.whatsapp.net","uang":1325},{"id":"62895603673212@s.whatsapp.net","uang":31},{"id":"6281252474708@s.whatsapp.net","uang":314},{"id":"62812787567123@s.whatsapp.net","uang":37},{"id":"6282296048639@s.whatsapp.net","uang":11},{"id":"6285736283347@s.whatsapp.net","uang":16},{"id":"6287705048235@s.whatsapp.net","uang":214},{"id":"6281252463994@s.whatsapp.net","uang":12},{"id":"6281378695708@s.whatsapp.net","uang":18},{"id":"6281389193182@s.whatsapp.net","uang":15},{"id":"6285842734563@s.whatsapp.net","uang":1034},{"id":"62856432604381@s.whatsapp.net","uang":55},{"id":"6285790853383@s.whatsapp.net","uang":210},{"id":"62877050482352@s.whatsapp.net","uang":50},{"id":"6281269609391@s.whatsapp.net","uang":117},{"id":"62895416494640@s.whatsapp.net","uang":36},{"id":"6285859202162@s.whatsapp.net","uang":322},{"id":"6285727492435@s.whatsapp.net","uang":402},{"id":"6285284051385@s.whatsapp.net","uang":24},{"id":"6285777019242@s.whatsapp.net","uang":40},{"id":"6282132445653@s.whatsapp.net","uang":135},{"id":"62881036346617@s.whatsapp.net","uang":64},{"id":"6282274263578@s.whatsapp.net","uang":58},{"id":"6283192083302@s.whatsapp.net","uang":13},{"id":"62895610720367@s.whatsapp.net","uang":35}]